metric,delay,emddim,radius
HR,10,16,1.458638041960956
RESP,22.5,2,0.40782814404641854
