RR,DET,NRLINE,maxL,L,ENTR,rENTR,LAM,TT,metric,group,condition,radius
4.876088246933122,87.30707220752872,47803,45,4.0328222078112255,1.897661500541207,0.5381359867473461,91.868501141263,4.38411497730711,resp1S,1,Synchronous,0.4078281
4.01396472624099,77.28749510357382,30126,25,3.34017128062139,1.5757084274873723,0.5175552027350557,94.5152346060201,4.694822784327191,resp1S,2,Synchronous,0.4078281
4.191862465390131,80.08480836854703,29600,31,3.6623648648648652,1.7475011479222673,0.5739820230160568,85.06028190656303,3.886616033755274,resp1S,4,Synchronous,0.4078281
4.288945063636327,76.76156506545173,29453,26,3.6096153193223097,1.7149378377016908,0.546943390611071,91.40715817442725,4.671857701675401,resp1S,5,Synchronous,0.4078281
4.317758849764601,80.19284909909909,27311,48,4.171872139430998,1.9360600682493305,0.5284638980470474,88.93651463963964,4.872594763428836,resp1S,6,Synchronous,0.4078281
4.0282704217776315,76.28466557911908,28734,47,3.5152432658174986,1.6736074264510856,0.5586638836939856,87.5815660685155,3.8419361250993904,resp1S,7,Synchronous,0.4078281
3.958854294909311,74.43156068822178,31726,23,3.002553111013049,1.3747585359439545,0.49583933055652873,92.54504539700895,4.76604563196652,resp1S,8,Synchronous,0.4078281
2.9213186564052323,84.97267153737846,43629,23,3.5134658140227826,1.6809009925646439,0.5610985358750049,93.82587390104104,4.819476082004556,resp1S,9,Synchronous,0.4078281
4.232638706242047,82.14760710781643,30615,39,3.692013718765311,1.7552370607000065,0.5325618748927791,91.02220284167302,4.810893865478432,resp1S,10,Synchronous,0.4078281
