RR,DET,NRLINE,maxL,L,ENTR,rENTR,LAM,TT,metric,group,condition,radius
3.9467363397707733,81.66163048840652,32975,26,3.212676269901441,1.508984781767107,0.48817989546783636,92.07958189442526,3.777050528046544,resp1S,1,Conversation,0.4078281
3.813744960854722,84.98123745527533,30711,37,3.4879359187261896,1.6475799233436104,0.46340889692060216,93.11696245111028,4.758300563505898,resp1S,2,Conversation,0.4078281
4.805999607191528,78.60088752945896,40055,27,3.130770190987392,1.4531069525931615,0.47010255424166325,90.02594895452039,3.69060588930572,resp1S,4,Conversation,0.4078281
3.8512443423220057,73.4059670666592,31519,17,2.909292807512929,1.3052015254103684,0.4707519420175622,85.04791104635804,3.468640830585393,resp1S,5,Conversation,0.4078281
4.213498904309715,87.3889617008883,33332,38,3.7807812312492497,1.7805090323867214,0.49309042062462166,97.35449735449735,5.606261480712403,resp1S,6,Conversation,0.4078281
4.078174215771151,81.24788279132791,36479,20,3.1559253269004084,1.474923585848262,0.5009183740210528,91.8064024390244,4.114301979884876,resp1S,7,Conversation,0.4078281
3.991054672900422,82.35722889705656,41974,57,3.176347262591128,1.457006067065768,0.38502459126424415,95.43070698335238,4.544299329332863,resp1S,8,Conversation,0.4078281
3.7729741843787155,83.5753141133655,33944,36,3.200035352345039,1.5017320849915063,0.46092313946702484,92.96524555855628,4.340014367816092,resp1S,9,Conversation,0.4078281
3.646742693110805,81.64293646715619,31806,23,3.0972772432874303,1.4378753001770679,0.4722827075803244,91.55160696822529,4.6197724991635996,resp1S,10,Conversation,0.4078281
