RR,DET,NRLINE,maxL,L,ENTR,rENTR,LAM,TT,metric,group,condition,radius
0.0012664479933131546,52.77777777777778,9,3,2.111111111111111,0.34883209584303193,0.5032583347756457,72.22222222222221,2.3636363636363638,hr1S,1,Conversation,1.458638
0.08693885358916531,93.56395816572808,398,50,5.844221105527638,2.0809389958356594,0.6244931814602958,96.62107803700724,6.902298850574713,hr1S,2,Conversation,1.458638
0.03400596931805327,83.4186284544524,178,36,4.578651685393258,1.955428771542885,0.6901805596974083,89.86693961105425,5.453416149068323,hr1S,4,Conversation,1.458638
0.03140304523894149,82.1590909090909,162,9,4.462962962962963,1.865166575065655,0.896955522759691,86.5909090909091,6,hr1S,5,Conversation,1.458638
5.052667319920411e-4,NA,0,0,0,NA,NA,0,0,hr1S,6,Conversation,1.458638
0.043351897092937124,94.64831804281346,166,53,7.457831325301205,2.250541485891871,0.6683527671820004,96.86544342507645,8.922535211267606,hr1S,7,Conversation,1.458638
0.11359905683294817,89.2459826946848,582,52,6.202749140893471,2.3120228849006095,0.6556399632882883,95.30284301606922,7.772177419354839,hr1S,8,Conversation,1.458638
0.010804695593590909,56.34674922600619,73,4,2.493150684931507,0.8262548318274809,0.7520895591193337,71.51702786377709,2.8518518518518516,hr1S,9,Conversation,1.458638
0.0029341247086833327,46.42857142857143,19,3,2.0526315789473686,0.20619205063323187,0.2974722489192897,51.19047619047619,2.0476190476190474,hr1S,10,Conversation,1.458638
