RR,DET,NRLINE,maxL,L,ENTR,rENTR,LAM,TT,metric,group,condition,radius
0.022281898679053565,89.08794788273615,97,21,5.639175257731959,2.169243944037287,0.8729679822066377,93.32247557003257,7.64,hr1S,1,TurnTaking,1.458638
0.10217960912434394,92.2627235213205,494,45,5.431174089068826,2.0951492102282545,0.6993779880545439,93.6038514442916,6.961636828644501,hr1S,2,TurnTaking,1.458638
0.008021365305824101,64.93506493506493,44,6,3.409090909090909,1.3756381526224832,0.8547320415373959,93.5064935064935,4.235294117647059,hr1S,4,TurnTaking,1.458638
3.8377684562646166e-4,NA,0,0,0,NA,NA,0,0,hr1S,5,TurnTaking,1.458638
3.4602076124567473e-4,NA,0,0,0,NA,NA,0,0,hr1S,6,TurnTaking,1.458638
0.011179814415080709,61.23076923076923,79,7,2.518987341772152,0.8255008798861562,0.46072081329186854,82.15384615384616,2.8105263157894735,hr1S,7,TurnTaking,1.458638
0.13007696451525155,93.63621453173691,890,51,6.414606741573034,2.396849041597566,0.6637783243990687,96.24405445300968,7.670588235294118,hr1S,8,TurnTaking,1.458638
0.018156082501238884,79.80392156862746,145,6,2.806896551724138,0.9949182767119742,0.6181774823529963,82.94117647058825,2.82,hr1S,9,TurnTaking,1.458638
6.9878206943844e-4,NA,0,0,0,NA,NA,0,0,hr1S,10,TurnTaking,1.458638
